Description	Unit	Qty	Rate (Rs)
MASONRY			
Brick wall 230 mm in 1:6 cement mortar	cu.m	18.5	Rs. 14,250.00
Brick wall 115 mm in 1:4 cement mortar	sq.m	42	1,850
Cement plaster 12 mm inside, 1:6	sq.m	160	Rs 385
Cement plaster 20 mm outside, 1:4	sq.m	95	Rs 465
RCC lintel band 1:1.5:3	cu.m	1.2	28,500
Scaffolding and safety netting	lump	1	Rs. 1,25,000.00
Sill band with drip mould	rft	60	220
FINISHES			
Wall putty two coats	sq.ft	1,850	22
Interior emulsion two coats	sq.ft	1,850	45
Exterior weather coat	sq.ft	1,020	65
Vitrified floor tiles 600x600	sq.ft	640	Rs. 145.00
Skirting 100 mm	rft	210	95
Waterproof coat to wet areas	sq.ft	180	75
